id,title,subtitle,price,currency_id,available_quantity,sold_quantity,buying_mode,listing_type_id,stop_time,condition,permalink,thumbnail
MLA604324444,Philips Soundbar Htl1190bx/77 Parlante Bluetooth Barra Sonid,,3499,ARS,43,167,buy_it_now,gold_special,2035-11-19T07:00:00.000Z,new,http://articulo.mercadolibre.com.ar/MLA-604324444-philips-soundbar-htl1190bx77-parlante-bluetooth-barra-sonid-_JM,http://mla-s2-p.mlstatic.com/936711-MLA20625887637_032016-I.jpg
MLA628306159,Smart  Tv Led 32 Rca  Modelo 2016 ( Netflix),,5199,ARS,30,426,buy_it_now,gold_special,2036-07-15T19:24:32.000Z,new,http://articulo.mercadolibre.com.ar/MLA-628306159-smart-tv-led-32-rca-modelo-2016-netflix-_JM,http://mla-s2-p.mlstatic.com/781721-MLA20826357704_072016-I.jpg
MLA641225456,Bafle Parlante Potenciado Portatil Sd Usb 8000w Pr50-pp,,3899,ARS,59,363,buy_it_now,gold_special,2036-10-28T00:50:53.000Z,new,http://articulo.mercadolibre.com.ar/MLA-641225456-bafle-parlante-potenciado-portatil-sd-usb-8000w-pr50-pp-_JM,http://mla-s1-p.mlstatic.com/919015-MLA25219255037_122016-I.jpg
MLA610477538,Pioneer Ddj Sb2 Nueva Linea Con Garantia.tenemos Stock!!!,,6950,ARS,19,366,buy_it_now,gold_special,2036-05-03T22:56:37.000Z,new,http://articulo.mercadolibre.com.ar/MLA-610477538-pioneer-ddj-sb2-nueva-linea-con-garantiatenemos-stock-_JM,http://mla-s2-p.mlstatic.com/176011-MLA20463731652_102015-I.jpg
MLA612256858,Smart Tv Led 40 Full Hd C/ Netflix Tda Wifi Usb Nuevo Modelo,,7299,ARS,6131,3868,buy_it_now,gold_special,2036-03-13T15:33:56.000Z,new,http://articulo.mercadolibre.com.ar/MLA-612256858-smart-tv-led-40-full-hd-c-netflix-tda-wifi-usb-nuevo-modelo-_JM,http://mla-s1-p.mlstatic.com/698605-MLA25072069022_092016-I.jpg
MLA614905449,Bafle Parlante Bluetooth Recargable Microfono Sd Usb 70w Rms,,3999.9,ARS,55,376,buy_it_now,gold_special,2036-03-27T18:55:50.000Z,new,http://articulo.mercadolibre.com.ar/MLA-614905449-bafle-parlante-bluetooth-recargable-microfono-sd-usb-70w-rms-_JM,http://mla-s2-p.mlstatic.com/332211-MLA20507826397_122015-I.jpg
MLA609027898,Numark Mixtrack Pro 3 Pro3 Mixer Controlador Dj Serato,,6349,ARS,32,68,buy_it_now,gold_special,2035-11-19T07:00:00.000Z,new,http://articulo.mercadolibre.com.ar/MLA-609027898-numark-mixtrack-pro-3-pro3-mixer-controlador-dj-serato-_JM,http://mla-s2-p.mlstatic.com/655801-MLA20406425666_092015-I.jpg
MLA608893166,Smart Led Tv Lg 49 4k Uf7700 Ultra Hd Magic Remote Ips Tda!!,,16699,ARS,52,632,buy_it_now,gold_special,2036-02-26T14:05:44.000Z,new,http://articulo.mercadolibre.com.ar/MLA-608893166-smart-led-tv-lg-49-4k-uf7700-ultra-hd-magic-remote-ips-tda-_JM,http://mla-s2-p.mlstatic.com/370801-MLA20410145518_092015-I.jpg
MLA636878969,Minicomponente Torres Winco Bt Dvd Cd Karaoke Mic Inalabrico,,5400,ARS,8,29,buy_it_now,gold_special,2036-09-23T21:44:04.000Z,new,http://articulo.mercadolibre.com.ar/MLA-636878969-minicomponente-torres-winco-bt-dvd-cd-karaoke-mic-inalabrico-_JM,http://mla-s2-p.mlstatic.com/305705-MLA25074681870_092016-I.jpg
MLA598950043,Tv Led Smart Tv 32 Wifi C/ Netflix Usb Hdmi Sint Digital Tda,,4999,ARS,6260,3979,buy_it_now,gold_special,2036-01-01T20:57:19.000Z,new,http://articulo.mercadolibre.com.ar/MLA-598950043-tv-led-smart-tv-32-wifi-c-netflix-usb-hdmi-sint-digital-tda-_JM,http://mla-s2-p.mlstatic.com/815905-MLA25083407803_102016-I.jpg
MLA636435885,Smart Tv Led Lg 49 3d Lf6450 Full Hd Hdmi Usb Magic Remote,,14999,ARS,123,277,buy_it_now,gold_special,2036-09-20T21:49:32.000Z,new,http://articulo.mercadolibre.com.ar/MLA-636435885-smart-tv-led-lg-49-3d-lf6450-full-hd-hdmi-usb-magic-remote-_JM,http://mla-s2-p.mlstatic.com/928315-MLA25223166407_122016-I.jpg
MLA615332289,Combo Premium Sonido Dj Consola-bafles-potencia-mic-auric,,14599,ARS,64,94,buy_it_now,gold_special,2036-03-30T22:51:03.000Z,new,http://articulo.mercadolibre.com.ar/MLA-615332289-combo-premium-sonido-dj-consola-bafles-potencia-mic-auric-_JM,http://mla-s2-p.mlstatic.com/591215-MLA25132687130_102016-I.jpg
MLA619291538,Parlantes Edifier R2700 Estudio 128 Watts Rms 100% Madera *,,6399,ARS,6953,52,buy_it_now,gold_special,2036-05-01T18:20:06.000Z,new,http://articulo.mercadolibre.com.ar/MLA-619291538-parlantes-edifier-r2700-estudio-128-watts-rms-100-madera--_JM,http://mla-s1-p.mlstatic.com/691221-MLA20703669923_052016-I.jpg
MLA629355120,Smart Tv Led 48p Tcl Full Hd Netflix Tda + Soporte De Regalo,,9999,ARS,555,502,buy_it_now,gold_special,2036-07-24T14:04:05.000Z,new,http://articulo.mercadolibre.com.ar/MLA-629355120-smart-tv-led-48p-tcl-full-hd-netflix-tda-soporte-de-regalo-_JM,http://mla-s1-p.mlstatic.com/695905-MLA25083919390_102016-I.jpg
MLA642778224,Smart Tv Led 32 Ken Brown Wifi Hdmi Usb Hd Kb 32-2260,,4899,ARS,39,597,buy_it_now,gold_special,2036-11-09T15:11:27.000Z,new,http://articulo.mercadolibre.com.ar/MLA-642778224-smart-tv-led-32-ken-brown-wifi-hdmi-usb-hd-kb-32-2260-_JM,http://mla-s2-p.mlstatic.com/896605-MLA25062288647_092016-I.jpg
MLA619610263,Philips Btm2310/77 Microcomponente Cd/mp3 Usb Bluetooth Fm,,2999,ARS,2,70,buy_it_now,gold_special,2036-05-04T15:39:47.000Z,new,http://articulo.mercadolibre.com.ar/MLA-619610263-philips-btm231077-microcomponente-cdmp3-usb-bluetooth-fm-_JM,http://mla-s2-p.mlstatic.com/427101-MLA20272417653_032015-I.jpg
MLA619292670,Bafle 15 X2 600w Consola 9 Ent.c/efec Potencia 600w + 2 Mic,,5889,ARS,11,89,buy_it_now,gold_special,2036-05-01T18:28:57.000Z,new,http://articulo.mercadolibre.com.ar/MLA-619292670-bafle-15-x2-600w-consola-9-entcefec-potencia-600w-2-mic-_JM,http://mla-s2-p.mlstatic.com/244121-MLA20703684325_052016-I.jpg
MLA622576002,Smart Tv Led 40 Full Hd 1080p Netflix Hdmi Nuevo Gtia Wifi,,7499,ARS,51,265,buy_it_now,gold_special,2036-05-27T19:32:18.000Z,new,http://articulo.mercadolibre.com.ar/MLA-622576002-smart-tv-led-40-full-hd-1080p-netflix-hdmi-nuevo-gtia-wifi-_JM,http://mla-s2-p.mlstatic.com/499221-MLA20749428627_062016-I.jpg
MLA614710581,Thonet & Vander Koloss Bluetooth Parlantes 2.0 160w Rms Hifi,,7799.99,ARS,17,51,buy_it_now,gold_special,2036-03-26T12:58:17.000Z,new,http://articulo.mercadolibre.com.ar/MLA-614710581-thonet-vander-koloss-bluetooth-parlantes-20-160w-rms-hifi-_JM,http://mla-s2-p.mlstatic.com/610211-MLA20486819545_112015-I.jpg
MLA640038970,Smart Tv Led Lg 43 Full-hd 43lf5900 Hdmi Tda Wifi Netflix,,10899,ARS,1185,215,buy_it_now,gold_special,2036-10-19T20:49:42.000Z,new,http://articulo.mercadolibre.com.ar/MLA-640038970-smart-tv-led-lg-43-full-hd-43lf5900-hdmi-tda-wifi-netflix-_JM,http://mla-s2-p.mlstatic.com/452015-MLA25123199725_102016-I.jpg
MLA625539554,Bafle Potenciado Bluetooth 8 Karaoke Parlante Usb Mp3 Radio,,2590,ARS,1,85,buy_it_now,gold_special,2036-06-22T17:17:34.000Z,new,http://articulo.mercadolibre.com.ar/MLA-625539554-bafle-potenciado-bluetooth-8-karaoke-parlante-usb-mp3-radio-_JM,http://mla-s2-p.mlstatic.com/473521-MLA20788650320_062016-I.jpg
MLA629088465,Minicomponente Winco Bluetooth Dvd Cd Karaoke Mic Inalabrico,,5500,ARS,62,39,buy_it_now,gold_special,2036-07-22T13:31:28.000Z,new,http://articulo.mercadolibre.com.ar/MLA-629088465-minicomponente-winco-bluetooth-dvd-cd-karaoke-mic-inalabrico-_JM,http://mla-s2-p.mlstatic.com/196721-MLA20841047082_072016-I.jpg
MLA620981019,Tv Led Smart 55p 4k Android Hdmi Netflix Usb Nuevo Modelo,,14999,ARS,9839,160,buy_it_now,gold_special,2036-05-14T19:51:00.000Z,new,http://articulo.mercadolibre.com.ar/MLA-620981019-tv-led-smart-55p-4k-android-hdmi-netflix-usb-nuevo-modelo-_JM,http://mla-s1-p.mlstatic.com/491215-MLA25179880121_112016-I.jpg
MLA609849965,Consola Hercules Dj Instinct + Placa De Sonido +envio Gratis,,3549,ARS,9906,663,buy_it_now,gold_special,2036-03-02T13:16:40.000Z,new,http://articulo.mercadolibre.com.ar/MLA-609849965-consola-hercules-dj-instinct-placa-de-sonido-envio-gratis-_JM,http://mla-s1-p.mlstatic.com/12756-MLA20065956688_032014-I.jpg
MLA605289459,Tv Monitor Led Lg 24 Mod.mt45d Tda Hd Par/stereo Hdmi Usb,,3199,ARS,419,1174,buy_it_now,gold_special,2036-02-06T16:07:52.000Z,new,http://articulo.mercadolibre.com.ar/MLA-605289459-tv-monitor-led-lg-24-modmt45d-tda-hd-parstereo-hdmi-usb-_JM,http://mla-s2-p.mlstatic.com/22496-MLA20230185905_012015-I.jpg
MLA619392934,Smart Tv Led 40 Wifi Netflix Nuevo Modelo +soporte De Regalo,,7299,ARS,9391,608,buy_it_now,gold_special,2036-05-02T15:19:38.000Z,new,http://articulo.mercadolibre.com.ar/MLA-619392934-smart-tv-led-40-wifi-netflix-nuevo-modelo-soporte-de-regalo-_JM,http://mla-s1-p.mlstatic.com/494121-MLA20704853543_052016-I.jpg
MLA614211733,Parlantes Edifier R1000 T4 2.0 24 Watts - Wood *,,2399,ARS,9926,96,buy_it_now,gold_special,2036-03-23T16:11:48.000Z,new,http://articulo.mercadolibre.com.ar/MLA-614211733-parlantes-edifier-r1000-t4-20-24-watts-wood--_JM,http://mla-s1-p.mlstatic.com/540711-MLA20616154163_032016-I.jpg
MLA629757259,Minicomponente Midi Lg Cm4750 1000 Watts Bluetooth +nfc,,6949,ARS,6,22,buy_it_now,gold_special,2036-07-27T20:35:26.000Z,new,http://articulo.mercadolibre.com.ar/MLA-629757259-minicomponente-midi-lg-cm4750-1000-watts-bluetooth-nfc-_JM,http://mla-s1-p.mlstatic.com/891721-MLA20845688485_082016-I.jpg
MLA630246766,Consola Dj Pioneer Contolador Mixer Ddj Sb2 Serato Mixer Dj,,7720,ARS,954,45,buy_it_now,gold_pro,2036-07-31T16:57:01.000Z,new,http://articulo.mercadolibre.com.ar/MLA-630246766-consola-dj-pioneer-contolador-mixer-ddj-sb2-serato-mixer-dj-_JM,http://mla-s1-p.mlstatic.com/637405-MLA20853517496_082016-I.jpg
MLA612275055,Smart Tv Led 48 Full Hd Tda Wi-fi Usb Hdmi Nuevo Cuot S/int,,10999,ARS,9781,218,buy_it_now,gold_pro,2036-03-13T16:35:34.000Z,new,http://articulo.mercadolibre.com.ar/MLA-612275055-smart-tv-led-48-full-hd-tda-wi-fi-usb-hdmi-nuevo-cuot-sint-_JM,http://mla-s1-p.mlstatic.com/867305-MLA20854872363_082016-I.jpg
MLA614087782,Tablet Android 4g Quadcore Camara Con Flash Gadnic + Regalos,,1249,ARS,4669,7141,buy_it_now,gold_special,2036-03-23T02:06:37.000Z,new,http://articulo.mercadolibre.com.ar/MLA-614087782-tablet-android-4g-quadcore-camara-con-flash-gadnic-regalos-_JM,http://mla-s1-p.mlstatic.com/111411-MLA20530107820_122015-I.jpg
MLA647574307,Tv Led 43p Philips Full Hd 43pfg5101/77,,7499,ARS,27,668,buy_it_now,gold_special,2036-12-18T11:53:04.000Z,new,http://articulo.mercadolibre.com.ar/MLA-647574307-tv-led-43p-philips-full-hd-43pfg510177-_JM,http://mla-s1-p.mlstatic.com/612505-MLA25025590228_082016-I.jpg
MLA615450033,Barra De Sonido Lg Las550h 320w 2.1 Subwoofer Inalambrico Bt,,5099,ARS,9956,160,buy_it_now,gold_special,2036-10-27T22:29:55.000Z,new,http://articulo.mercadolibre.com.ar/MLA-615450033-barra-de-sonido-lg-las550h-320w-21-subwoofer-inalambrico-bt-_JM,http://mla-s2-p.mlstatic.com/650415-MLA25223168256_122016-I.jpg
MLA607129409,Bafle 15 X2 600w Consola 9 Ent.c/efec Potencia 600w + 2 Mic,,6898,ARS,43,93,buy_it_now,gold_pro,2036-02-17T04:55:53.000Z,new,http://articulo.mercadolibre.com.ar/MLA-607129409-bafle-15-x2-600w-consola-9-entcefec-potencia-600w-2-mic-_JM,http://mla-s1-p.mlstatic.com/17874-MLA20145911063_082014-I.jpg
MLA631660914,Microcomponente Dvd Cd Mp3 Bluetooth Usb Sd Musica Peliculas,,2999.99,ARS,461,30,buy_it_now,gold_pro,2036-08-13T04:54:57.000Z,new,http://articulo.mercadolibre.com.ar/MLA-631660914-microcomponente-dvd-cd-mp3-bluetooth-usb-sd-musica-peliculas-_JM,http://mla-s2-p.mlstatic.com/971505-MLA25005390131_082016-I.jpg
MLA609898653,Smart Tv Led 40 Full Hd 1080p Netflix Hdmi Nuevo Ctas S/ Int,,7999,ARS,9274,725,buy_it_now,gold_pro,2036-10-20T12:36:02.000Z,new,http://articulo.mercadolibre.com.ar/MLA-609898653-smart-tv-led-40-full-hd-1080p-netflix-hdmi-nuevo-ctas-s-int-_JM,http://mla-s2-p.mlstatic.com/673705-MLA25061609832_092016-I.jpg
MLA612380047,Kit Seguridad Dvr 4 Camaras Ir Ext Cctv Con Disco Rigido 1tb,,4499.99,ARS,9375,4413,buy_it_now,gold_special,2036-03-13T22:15:47.000Z,new,http://articulo.mercadolibre.com.ar/MLA-612380047-kit-seguridad-dvr-4-camaras-ir-ext-cctv-con-disco-rigido-1tb-_JM,http://mla-s2-p.mlstatic.com/846505-MLA25035998692_092016-I.jpg
MLA610057600,Auricular Sennheiser Hd 407,,598,ARS,90,614,buy_it_now,gold_special,2035-11-19T07:00:00.000Z,new,http://articulo.mercadolibre.com.ar/MLA-610057600-auricular-sennheiser-hd-407-_JM,http://mla-s2-p.mlstatic.com/675301-MLA20313805259_062015-I.jpg
MLA609048979,Smart Tv Led Sony 50 Android Full Hd 3d Tda Black Friday,,19999,ARS,9564,435,buy_it_now,gold_special,2036-02-27T05:18:22.000Z,new,http://articulo.mercadolibre.com.ar/MLA-609048979-smart-tv-led-sony-50-android-full-hd-3d-tda-black-friday-_JM,http://mla-s2-p.mlstatic.com/807221-MLA20731797925_052016-I.jpg
MLA613193753,Bafle Potenciado 8 Activo Jbl Selenium 1200 W Usb Bt Mic,,3800,ARS,38,25,buy_it_now,gold_special,2036-09-29T16:51:52.000Z,new,http://articulo.mercadolibre.com.ar/MLA-613193753-bafle-potenciado-8-activo-jbl-selenium-1200-w-usb-bt-mic-_JM,http://mla-s1-p.mlstatic.com/755811-MLA20634373528_032016-I.jpg
MLA629255583,Drone Cuadricoptero Control Remoto Camara Graba Video Foto,,3699,ARS,930,69,buy_it_now,gold_special,2036-07-23T17:43:34.000Z,new,http://articulo.mercadolibre.com.ar/MLA-629255583-drone-cuadricoptero-control-remoto-camara-graba-video-foto-_JM,http://mla-s2-p.mlstatic.com/370215-MLA25158927651_112016-I.jpg
MLA633565875,Kit De Parlantes Potenciados 26000w Bt Usb Sd - Env√≠o Gratis,,8999,ARS,5,16,buy_it_now,gold_special,2036-08-28T16:11:45.000Z,new,http://articulo.mercadolibre.com.ar/MLA-633565875-kit-de-parlantes-potenciados-26000w-bt-usb-sd-envio-gratis-_JM,http://mla-s1-p.mlstatic.com/820321-MLA20745142541_052016-I.jpg
MLA639796708,Smart Tv Lg Led 43 Uh6500 Ultra Hd 4k Hdr Pro Webos Netflix,,12999,ARS,28,112,buy_it_now,gold_special,2036-10-17T15:16:42.000Z,new,http://articulo.mercadolibre.com.ar/MLA-639796708-smart-tv-lg-led-43-uh6500-ultra-hd-4k-hdr-pro-webos-netflix-_JM,http://mla-s2-p.mlstatic.com/842905-MLA25119882837_102016-I.jpg
MLA630247057,Consola Dj Pioneer Contolador Mixer Ddj Sb2 Serato Mixer Dj,,6928,ARS,968,31,buy_it_now,gold_special,2036-07-31T16:58:59.000Z,new,http://articulo.mercadolibre.com.ar/MLA-630247057-consola-dj-pioneer-contolador-mixer-ddj-sb2-serato-mixer-dj-_JM,http://mla-s1-p.mlstatic.com/637405-MLA20853517496_082016-I.jpg
MLA642778065,Smart Tv Led 40 Ken Brown 40-2270 Full Hd Hdmi Vga Usb Wifi,,6999,ARS,29,195,buy_it_now,gold_special,2036-11-09T15:10:27.000Z,new,http://articulo.mercadolibre.com.ar/MLA-642778065-smart-tv-led-40-ken-brown-40-2270-full-hd-hdmi-vga-usb-wifi-_JM,http://mla-s2-p.mlstatic.com/426705-MLA25074532547_092016-I.jpg
MLA632617713,Tablet Gadnic 3g 10 Pulgada Android 5.1 Quad Core Hdmi Pc 4g,,2299,ARS,6683,8992,buy_it_now,gold_special,2036-08-21T12:11:32.000Z,new,http://articulo.mercadolibre.com.ar/MLA-632617713-tablet-gadnic-3g-10-pulgada-android-51-quad-core-hdmi-pc-4g-_JM,http://mla-s1-p.mlstatic.com/376011-MLA20453839381_102015-I.jpg
MLA616376132,Tocadisco Crosley Cruiser Original 100% 220v Nuevos Gtia !!,,3400,ARS,592,186,buy_it_now,gold_special,2036-04-08T14:34:24.000Z,new,http://articulo.mercadolibre.com.ar/MLA-616376132-tocadisco-crosley-cruiser-original-100-220v-nuevos-gtia--_JM,http://mla-s1-p.mlstatic.com/879305-MLA20866147840_082016-I.jpg
MLA621110172,Bafle Parlante Winco 20cm Usb Sd Potencia 300w Bluetooth!!,,3399.99,ARS,1448,52,buy_it_now,gold_special,2036-05-15T18:54:09.000Z,new,http://articulo.mercadolibre.com.ar/MLA-621110172-bafle-parlante-winco-20cm-usb-sd-potencia-300w-bluetooth-_JM,http://mla-s2-p.mlstatic.com/280601-MLA20348429715_072015-I.jpg
MLA620496063,Parlante Bluetooth Portatil Tyrrell 12 120w Rms Usb Mic,,3999,ARS,78,59,buy_it_now,gold_special,2036-05-11T12:39:15.000Z,new,http://articulo.mercadolibre.com.ar/MLA-620496063-parlante-bluetooth-portatil-tyrrell-12-120w-rms-usb-mic-_JM,http://mla-s1-p.mlstatic.com/149121-MLA20723123777_052016-I.jpg
MLA610101308,Tv Led 32p Hd Tda Hdmi Usb Tda Nuevo Modelo + Soporte Pared,,4299,ARS,8899,1300,buy_it_now,gold_special,2036-03-03T13:03:35.000Z,new,http://articulo.mercadolibre.com.ar/MLA-610101308-tv-led-32p-hd-tda-hdmi-usb-tda-nuevo-modelo-soporte-pared-_JM,http://mla-s2-p.mlstatic.com/914115-MLA25210275558_122016-I.jpg
